p1,p2,p3,p4,p5,median_conv_time_1_us,median_conv_time_2_us
16,32,1,32,32,2287,2596
32,32,1,32,32,3839,3742
16,64,1,32,32,4092,4162
32,64,1,32,32,6480,6155
16,128,1,32,32,26443,30020
64,64,1,32,32,44585,17617
16,128,1,32,32,12999,6714
32,128,1,32,32,48056,26237
64,128,1,32,32,36633,95593
32,256,1,32,32,37678,93119
16,512,1,32,32,68929,105697
128,128,1,32,32,134198,133349
64,256,1,32,32,240161,214743
32,512,1,32,32,178285,127209
128,256,1,32,32,287323,251064
16,16,3,32,32,3034,4779
16,32,3,32,32,39504,7107
32,32,3,32,32,36988,76551
64,512,1,32,32,292517,291477
16,64,3,32,32,15594,59889
32,64,3,32,32,121342,116055
64,64,3,32,32,146483,148734
16,128,3,32,32,104660,27494
256,256,1,32,32,630812,703902
128,512,1,32,32,495831,505843
32,128,3,32,32,126020,132110
16,128,3,32,32,47591,60063
64,128,3,32,32,255729,269112
32,256,3,32,32,352045,352180
128,128,3,32,32,668759,717332
64,256,3,32,32,549108,532762
256,512,1,32,32,1263874,1370208
64,512,3,128,32,3749459,3822097
16,512,3,32,32,305622,375326
32,512,3,32,32,616384,625219
128,256,3,32,32,1191987,1239586
512,512,1,32,32,2367251,2745109
16,16,5,32,32,14143,19594
16,32,5,32,32,33342,67953
32,32,5,32,32,130932,127126
64,512,3,32,32,1515023,1277119
16,64,5,32,32,119061,122442
32,64,5,32,32,229794,218624
16,128,5,32,32,183406,257561
256,256,3,32,32,2430213,2133945
64,64,5,32,32,362858,446931
32,128,5,32,32,368937,365710
16,128,5,32,32,165545,218401
128,512,3,32,32,2439187,2236477
64,128,5,32,32,661617,748429
256,256,3,128,32,8833750,8733653
16,16,5,128,32,128606,91279
32,256,5,32,32,787200,792525
16,32,5,128,32,169247,201461
128,128,5,32,32,1485814,1543420
32,32,5,128,32,367249,379625
16,64,5,128,32,355267,422431
16,512,5,32,32,801802,765327
64,256,5,32,32,2230203,1903126
32,64,5,128,32,740696,720956
256,512,3,32,32,4441531,4729502
32,512,5,32,32,1706051,1640552
128,256,5,32,32,3772355,3540491
64,64,5,128,32,1945850,1675252
128,512,3,128,32,8950939,9707239
16,128,5,128,32,942734,924827
64,512,5,32,32,3512771,3727651
16,16,7,32,32,57401,54296
16,32,7,32,32,81452,122051
32,32,7,32,32,190511,239393
16,64,7,32,32,187397,208379
32,64,7,32,32,334342,403833
32,128,5,128,32,1769127,1698689
64,64,7,32,32,866420,857276
256,256,5,32,32,6304414,7095307
16,128,7,32,32,450976,344854
32,128,7,32,32,688375,917570
64,128,5,128,32,3664947,3598377
64,128,7,32,32,1930709,1683651
16,128,5,128,32,1168505,961145
16,128,7,32,32,500849,479308
512,512,3,32,32,10680008,11533824
128,512,5,32,32,7777852,7337522
32,256,7,32,32,1737845,1602118
128,128,7,32,32,3188168,3518558
32,256,5,128,32,3672268,3940401
16,512,7,32,32,1680221,1895301
64,256,7,32,32,3011008,3981865
128,128,5,128,32,7045684,8023585
128,256,7,32,32,7027708,6552204
32,512,7,32,32,3756283,3813396
256,512,5,32,32,13910502,14467443
256,512,7,64,32,32153109,40692840
256,512,3,128,32,28855860,21681559
64,512,7,32,32,7497602,7174154
16,16,1,64,32,2073,2272
16,32,1,64,32,3055,4561
32,32,1,64,32,5677,5876
16,64,1,64,32,6995,6435
32,64,1,64,32,44613,10704
64,64,1,64,32,72132,66172
64,256,5,128,32,7926109,8081378
16,128,1,64,32,17237,18210
32,128,1,64,32,77416,43827
64,128,1,64,32,172785,151279
128,128,1,64,32,328852,334438
16,128,1,64,32,43360,29840
32,256,1,64,32,192570,161170
64,256,1,64,32,326967,333476
128,256,1,64,32,695000,756734
16,512,5,128,32,3455410,3699578
256,256,1,64,32,1238915,1439938
16,512,1,64,32,217286,205322
32,512,1,64,32,400511,308484
64,512,1,64,32,655030,622145
256,256,7,32,32,14902400,16071275
128,512,1,64,32,1195193,1412753
32,512,5,128,32,7765683,8506081
256,512,1,64,32,3066953,3891792
16,16,3,64,32,25352,15214
16,32,3,64,32,78266,82736
32,32,3,64,32,77185,164163
16,64,3,64,32,122530,113698
32,64,3,64,32,212946,195592
64,64,3,64,32,372688,387335
16,128,3,64,32,212709,196789
32,128,3,64,32,342583,325848
64,128,3,64,32,639508,673354
128,256,5,128,32,17530452,19813956
512,512,1,64,32,6164017,6118991
16,128,3,64,32,170542,172563
32,256,3,64,32,607703,650784
128,128,3,64,32,2216982,2329027
64,256,3,64,32,1492120,1416313
128,256,3,64,32,2770521,2621115
16,512,3,64,32,686199,667711
128,512,7,32,32,22822187,22480770
32,512,3,64,32,1160349,1337267
512,512,5,32,32,38032228,35760996
64,512,5,128,32,16751806,19770801
256,256,3,64,32,5306168,6145067
64,512,3,64,32,2919864,2932875
16,16,5,64,32,17822,18860
16,32,5,64,32,126967,133458
32,32,5,64,32,260760,317715
16,64,5,64,32,277428,188041
32,64,5,64,32,397934,469446
64,64,5,64,32,941376,1057821
16,128,5,64,32,500359,486169
512,512,3,128,32,45438423,44351592
128,512,3,64,32,5588915,5324640
16,16,7,128,32,232875,191012
16,32,7,128,32,331277,355809
32,128,5,64,32,867977,809300
32,32,7,128,32,1174251,1183005
64,128,5,64,32,2162738,1806850
16,128,5,64,32,606097,414997
16,64,7,128,32,1084398,1091204
32,256,5,64,32,1951367,1712537
128,128,5,64,32,3863434,5163401
32,64,7,128,32,2458949,2131305
256,512,3,64,32,12659612,11872271
256,256,5,128,32,31101787,34424828
64,256,5,64,32,3912126,4025643
64,64,7,128,32,3957329,4120728
16,128,7,128,32,2061715,2388522
256,512,7,32,32,32428215,43043803
16,512,5,64,32,2263937,2614901
